{
  "backend": "ibm_marrakesh",
  "budget": 8192,
  "cells": {
    "n4": {
      "n": 4,
      "raw_mae": 0.013194608866950388,
      "neural_mae": 0.02561526382933215,
      "neural_improvement_pct": -94.13431718686857,
      "neural_worse_rate": 0.875,
      "zne_richardson_mae": 0.05461707156667736,
      "zne_richardson_improvement_pct": -313.9347525752066,
      "zne_richardson_worse_rate": 0.875,
      "per_instance": {
        "raw": [
          -0.04425048828125,
          0.0985107421875,
          0.020751953125,
          0.01953125,
          -0.04107666015625,
          -0.1466064453125,
          0.04534912109375,
          0.0623779296875
        ],
        "neural": [
          -0.06797377020120621,
          0.14693789184093475,
          0.03267720341682434,
          0.031640440225601196,
          -0.06333520263433456,
          -0.22393298149108887,
          0.06635038554668427,
          0.09102337807416916
        ],
        "zne_richardson": [
          0.01135531135531151,
          0.0047619047619043755,
          0.02142857142857143,
          -0.03461538461538468,
          -0.026556776556776455,
          -0.10732600732600713,
          0.14450549450549455,
          0.11520146520146529
        ],
        "ideal": [
          -0.049153930637018076,
          0.10558163030456263,
          0.023063379721296393,
          -0.005951890381162284,
          -0.07038322124475575,
          -0.1699584069465548,
          0.05136321721717693,
          0.06949328432682622
        ]
      },
      "seconds": 3723.0314960479736
    }
  }
}