{
  "n_instances": 8,
  "seed": 44,
  "raw_mae": 0.013194608866950388,
  "twin": {
    "mae": 0.007981652422805201,
    "improvement_pct": 39.50823019242733,
    "worse_rate": 0.125
  },
  "affine": {
    "mae": 0.010555489146952169,
    "improvement_pct": 20.001500208230027,
    "worse_rate": 0.625,
    "a": 0.7692877187808294,
    "b": -0.00866116875343338
  },
  "finetune_seed_avg": {
    "impr_mean": 19.467963694857048,
    "impr_std": 5.467451974989474,
    "impr_min": 12.674118092435588,
    "worse_mean": 0.525
  },
  "finetune_ensemble": {
    "mae": 0.010625887203054095,
    "improvement_pct": 19.46796369485707,
    "worse_rate": 0.625
  }
}